Model,Dataset,RMSE,MAE,R2
FT-Transformer,house,177171.8081411374,166495.515625,-7.555222511291504
FT-Transformer,energy,95.44302538032834,49.94423294067383,0.24204736948013306
