Model,Dataset,RMSE,MAE,R2
FT-Transformer,house,194711.83549029575,174075.765625,-3.981750011444092
FT-Transformer,energy,80.58377398028867,38.41779708862305,0.4596827030181885
