Model,Dataset,RMSE,MAE,R2
FT-Transformer,house,194711.83549029575,174075.765625,-3.981750011444092
FT-Transformer,energy,83.12753168137196,40.12005615234375,0.4250323176383972
