Model,Dataset,RMSE,MAE,R2
FT-Transformer,house,176648.2316922533,168160.71875,-9.662545204162598
FT-Transformer,energy,82.28886334887608,39.965938568115234,0.43657541275024414
