Feature,Importance
TotalSF,12323.830744233643
OverallQual,10582.265853980656
GrLivArea,4760.4210219494025
YearBuilt,4304.063753441223
LotArea,3615.09327799479
TotalBath,3367.0091348586307
OverallCond,3234.705121000743
Fireplaces,3077.432133928571
YearRemodAdd,2421.7508074776797
BsmtFinSF1,2219.8906259300597
