Feature,Importance
hour,33.90075739893518
RH_4,8.33950038401173
T6,8.330090150179444
RH_5,8.124770873269963
RH_2,7.5921318950599375
T1,7.340693370789268
T3,7.259629770569865
RH_6,7.072101848022431
Press_mm_hg,6.139685490578084
lights,6.049021877277721
