Feature,Importance
hour,29.994380417815623
T6,14.109988122373423
RH_4,14.039915739734127
RH_2,13.135928065450623
T3,11.932064225442113
RH_6,10.941192149760196
T8,10.911142965117802
T1,10.256932285137706
RH_5,10.113748938295139
T9,9.98279841110729
