Feature,Importance
TotalSF,16776.93643403873
OverallQual,16233.472719218875
YearBuilt,4320.486311998278
YearRemodAdd,4087.6899962968273
TotalBath,3651.949974301776
GrLivArea,3244.4754957323894
OverallCond,3125.0159827593407
BsmtFinSF1,3116.7785775187563
LotArea,3079.319390648893
Fireplaces,3016.0520917550652
