Feature,Importance
hour,29.293289416599873
RH_2,7.757742074917702
T3,6.238624717273978
RH_5,6.165765225957929
lights,5.777837116088206
T1,5.7717817487187
RH_3,5.675431927538815
RH_1,5.500485850439005
T6,5.4958462370712695
T8,5.457419439345172
