Feature,Importance
TotalSF,18006.30571471889
OverallQual,14805.503265821202
YearBuilt,6030.822541916382
GrLivArea,3670.4682879387838
OverallCond,3509.7355303759996
LotArea,3071.9205937856723
YearRemodAdd,2988.942169574059
TotalBath,2866.837138716468
GarageCars,2739.521663991152
BsmtFinSF1,2392.3792292736866
