Model,Dataset,RMSE,MAE,R2
TabNet,house,192224.9242528138,171989.546875,-3.855306625366211
TabNet,energy,86.4678097843715,43.366294860839844,0.37789660692214966
