Model,Dataset,RMSE,MAE,R2
TabNet,house,152731.31021503088,141315.171875,-5.357673645019531
TabNet,energy,82.18070611178301,41.4847297668457,0.43805551528930664
