Model,Dataset,RMSE,MAE,R2
TabNet,house,192224.9242528138,171989.546875,-3.855306625366211
TabNet,energy,83.61069921629348,41.4308967590332,0.41832906007766724
