Model,Dataset,RMSE,MAE,R2
TabNet,house,174146.5284638198,165826.34375,-9.362675666809082
TabNet,energy,84.29861994255155,42.44582748413086,0.4087181091308594
