Model,House_RMSE,House_R2,Energy_RMSE,Energy_R2
Linear Regression,27334.9620521368,0.7963525051088871,99.76386010355603,0.17186690019595785
XGBoost (Default),23833.44205103409,0.8451840877532959,74.79461134813624,0.5345271825790405
XGBoost (Tuned),21837.633571428934,0.8700269460678101,68.61094958054254,0.6083117723464966
