Model,House_RMSE,House_R2,Energy_RMSE,Energy_R2
Linear Regression,35567.42883296767,0.8337727812506143,95.8483581722594,0.23559589590657493
XGBoost (Default),28340.881567093144,0.8944583535194397,75.45766287607077,0.5262378454208374
XGBoost (Tuned),24812.431722827976,0.9191023707389832,67.21778387264787,0.6240569353103638
