Model,House_RMSE,House_R2,Energy_RMSE,Energy_R2
Linear Regression,35567.42883296767,0.8337727812506143,95.84835817225941,0.2355958959065746
XGBoost (Default),28340.881567093144,0.8944583535194397,74.37781966818973,0.539700448513031
XGBoost (Tuned),24605.90368184026,0.9204434752464294,66.80429235133398,0.628667950630188
